id,first_name,last_name
1,Derward,Gregoraci
2,Art,Fairney
3,Damara,Buckwell
4,Weston,Beaford
5,Elyn,Biesinger
6,Allx,Lympenie
7,Reynolds,Nevinson
8,Roddy,Ormes
9,Kore,Rulton
10,Nanon,Kadwallider
11,Dion,Sturman
12,Brok,Gleeton
13,Gherardo,Van Saltsberg
14,Veriee,Late
15,Miles,Pownall
16,Sheila,Kloisner
17,Goldina,Inglesfield
18,Ferdinande,Di Boldi
19,Billy,O'Neill
20,Fayette,Waylett
21,Lissy,Tesmond
22,Emlyn,Mucci
23,Jillian,Cato
24,Cammie,Nys
25,Aurlie,Domange
26,Stephen,Vannini
27,Trent,Gawkroge
28,Lucina,Choppin
29,Gilberta,Presidey
30,Ezechiel,Ferriday
31,Leda,Linkin
32,Jeannette,Snoddy
33,Ollie,Heaseman
34,Myrilla,Isabell
35,Ade,Tellenbroker
36,Erich,Sheward
37,Dorthea,Wisham
38,Alessandro,Shoubridge
39,Nariko,Antonsen
40,Latrena,Jacobowitz
41,Bernardo,Petriello
42,Maitilde,Postance
43,Bobby,Grosvener
44,Obadiah,Tunnacliffe
45,Bond,Palia
46,Ros,Trowbridge
47,Sibeal,Watkiss
48,Ike,Darlaston
49,Halley,Hurlestone
50,Berkie,Gregh
51,Husain,Graben
52,Gussi,Dysert
53,Mabel,Janczak
54,Amble,Doughartie
55,Nichole,Lomax
56,Rivi,Hallex
57,Meggi,Buddleigh
58,Harlan,Bahia
59,Casey,Winwood
60,Elana,Ruf
61,Dona,Antognazzi
62,Gert,Linskill
63,Sherill,Croizier
64,Stevie,Petrenko
65,Elijah,Marklund
66,Kalvin,Friese
67,Jone,Wegman
68,Murielle,Camfield
69,Dayle,Harder
70,Tabbie,Covelle
71,Giffy,O'Dyvoie
72,Nikoletta,Akester
73,Micheal,Anning
74,Maurise,McIan
75,Camey,Pero
76,Krissie,Bice
77,Annabelle,Damrell
78,Rickie,Storck
79,Valaria,Gerhartz
80,Forrester,Leband
81,Kitti,Beernt
82,Vera,McKeighan
83,Eugine,Bessey
84,Janenna,Newbegin
85,Leslie,Vanezis
86,Bobbette,Nassi
87,Eustacia,Cordon
88,Rubetta,Fuggle
89,Abramo,Daysh
90,Yvon,McGilleghole
91,Natividad,Juris
92,Lorettalorna,Barstowk
93,Grete,Vedenichev
94,Jerrylee,Sellwood
95,Ferrell,Caret
96,Mozes,Hesse
97,Adena,Carletti
98,Dalston,Smedmoor
99,Benny,Rizzini
100,Brook,Yushkin
101,Bary,Connichie
102,Fransisco,Stanfield
103,Renard,Pilmoor
104,Munroe,Adamczewski
105,Thane,Vedikhov
106,Allx,Dearth
107,Monro,Van der Mark
108,Darcee,Goggen
109,Shem,Scarlan
110,Moss,Sapsford
111,Westley,Tulloch
112,Cecile,Fillis
113,Rossy,Oldknow
114,Genevieve,Bertolaccini
115,Ram,Izkovitch
116,Ferris,Portman
117,Rheta,Glenfield
118,Guilbert,Peskett
119,Christin,Stitle
120,Dee,O'Fairy
121,Selestina,McBean
122,Elisa,Queenborough
123,Happy,Sultan
124,Myrvyn,Saxton
125,Hube,Pittet
126,Temp,Vardon
127,Tiertza,Valek
128,Robinette,Whinney
129,Miguela,Mitton
130,Dorotea,Schubert
131,Ferdinande,McCurlye
132,Giacobo,Hallward
133,Philis,Gasnell
134,Corney,Seargeant
135,Andrej,Canby
136,Rickert,Maric
137,Barthel,Stonham
138,Beatrisa,MacAlester
139,Fernande,Blinman
140,Ailene,Doelle
141,Nowell,Olyfant
142,Seline,Dameisele
143,Ker,Millimoe
144,Ilse,Earnshaw
145,Noam,Lehrle
146,Isaac,Slator
147,Hailee,Huglin
148,Selena,Polamontayne
149,Vladamir,Mouse
150,Lukas,Dowdney
151,Obie,Tant
152,Stevena,Illston
153,Pat,Buckhurst
154,Jaquith,Fisk
155,Dolli,Devin
156,Alaric,Demeter
157,Timothee,Wretham
158,Shoshana,Millions
159,Andy,Pattemore
160,Daffi,Bycraft
161,Chrystel,Kilgannon
162,Hunt,Chaters
163,Ramona,Fife
164,Chanda,Machent
165,Steffane,Threadkell
166,Amandie,Hoult
167,Homerus,Snowsill
168,Tova,Dollman
169,Sigmund,Rougier
170,Alison,Clemensen
171,Becky,Chippin
172,Fallon,Giovannacc@i
173,Elwyn,Donett
174,Jasmin,McGawn
175,Alica,Brantl
176,Cyrus,Medendorp
177,Ursuline,Sketcher
178,Cassey,Malham
179,Sonni,Clotworthy
180,Torrance,Rookesby
181,Jandy,Satford
182,Portie,Abbys
183,Lilian,Barles
184,Giorgi,Daglish
185,Katusha,York
186,Gottfried,Whittuck
187,Shoshanna,Trighton
188,Freda,Pacitti
189,Edeline,Baumford
190,Chiquia,Prene
191,Sally,Grote
192,Dora,Klaessen
193,Theo,Chester
194,Rudolph,Sacchetti
195,Steven,Hiskey
196,Lesley,Challens
197,Randolf,Brabant
198,Lionel,Witchell
199,Nananne,Himsworth
200,Carlee,Dabernott
201,Wenona,Matthessen
202,Theadora,Faiers
203,Raine,Kores
204,Kariotta,Wolffers
205,Catina,MacCarter
206,Riki,Willson
207,Averil,Grace
208,Troy,Gimbart
209,Ammamaria,Levinge
210,Dorthea,Brosel
211,Lyle,Moehler
212,Goldie,Vernalls
213,Berenice,Troyes
214,Nat,Perrygo
215,Annice,Winckles
216,Kipp,Madgett
217,Darrel,Chorley
218,Josselyn,Harrod
219,Nona,Bim
220,Hanni,Tzarkov
221,Thadeus,Audry
222,Terrie,Wanley
223,Ronica,Yockney
224,Sela,Derbyshire
225,Pepita,Jarred
226,Giana,Rapo
227,Deidre,Waple
228,Deck,Thorsen
229,Ronald,Finan
230,Griff,Antill
231,Zedekiah,Kellock
232,Joleen,Lockier
233,Enrika,Hutchins
234,Carla,Barkly
235,Magdalena,Zanetello
236,Armando,Colebourne
237,Zachary,Brummell
238,Bird,Jephson
239,Madeleine,Glen
240,Marie-ann,McLafferty
241,Jenda,Bedder
242,Prinz,Trathen
243,Shannon,Braam
244,Myrah,Mangeot
245,Judd,Moggan
246,Wakefield,Bilfoot
247,Nerty,Danielian
248,Justen,Skuse
249,Gracia,Bason
250,Davin,Durbyn
251,Christina,Bachellier
252,Theodor,Fewings
253,Yale,Garz
254,Bruis,Jakubovsky
255,Mirabella,Tidbold
256,Batsheva,Demsey
257,Nataline,Swindall
258,Minerva,McAmish
259,Dukie,Fuchs
260,Jehanna,Oldman
261,Jenilee,Pollicote
262,Jonas,Bilfoot
263,Kathe,Ridpath
264,Abbot,Sympson
265,Briggs,Prosch
266,Jacques,Sheer
267,Phyllida,Alves
268,Reynold,Crofts
269,Lorene,Ilett
270,Reiko,Stanesby
271,Shannen,Shyram
272,Sydney,Burchfield
273,Olivette,Sherebrook
274,Ebba,Sherlock
275,Wilhelmine,Blodgett
276,Edward,Allenson
277,Myrtle,Woodes
278,Yale,Checchi
279,Elise,Stienham
280,Hinze,Ivimey
281,Carlyn,Clutten
282,Kimberley,Gunda
283,Sly,Deavin
284,Christalle,Dashwood
285,Lizzy,Cowap
286,Natty,Landell
287,Chicky,Aurelius
288,Pincas,Jencken
289,Morry,Bream
290,Aloysia,Dicken
291,Gwennie,Nezey
292,Artie,Armfirld
293,Ambrosio,Wabey
294,Electra,Mournian
295,Lennie,Eatttok
296,Rosina,Spick
297,Clara,Wavell
298,Rainer,Durnford
299,Kathe,Parris
300,Melody,Di Franceshci
301,Conan,Asple
302,Meriel,Bodycomb
303,Rik,Loyndon
304,Estevan,Gherardini
305,Sonia,Brewster
306,Marena,Sarfatti
307,Stella,Provest
308,Gabbi,Marusik
309,Saba,Drury
310,Babara,Negro
311,Theresa,Dalston
312,Cyrillus,Maile
313,Gypsy,Durkin
314,Sabina,Rau
315,Rusty,Shoreman
316,Erda,Cranmore
317,Val,Covotto
318,Rene,Murphy
319,Donal,Coundley
320,Forester,Rechert
321,Powell,Gobert
322,Salvatore,Darree
323,Alexandrina,Calway
324,Alanna,Mitten
325,Jessie,Danby
326,Bond,Nannizzi
327,Natassia,Oselton
328,Gerhardt,Murrhardt
329,Nathanael,Kimmitt
330,Yuri,Jaray
331,Gordy,Trethewey
332,Janek,Tregido
333,Etty,Drysdale
334,Baxy,Nendick
335,Norrie,Iban
336,Putnam,Phizaclea
337,Oliver,Selland
338,Eugenio,Glencorse
339,Kathleen,Folca
340,Karil,Fisbey
341,Elbertine,Van Halle
342,Lissie,Scollick
343,Lacey,Kennedy
344,Barth,Otter
345,Patrice,Parrish
346,Roland,Matterface
347,Mayor,Warkup
348,Elora,Crosston
349,Rabi,Jennaway
350,Maureene,Cicerone
351,Cyb,Brayshaw
352,Tripp,Cotgrove
353,Frannie,O'Connor
354,Mariellen,Batchan
355,Rex,Maloney
356,Clementine,Hobbema
357,Amber,Londors
358,Dena,Muccino
359,Skip,Charity
360,Shelby,Delap
361,Jaquelin,Tynnan
362,Antony,Stanyland
363,Sherill,Posten
364,Hephzibah,Di Biasio
365,Elisha,Pendred
366,Boote,Brew
367,Jorie,Whelpton
368,Oneida,Pease
369,Everett,Liddiard
370,Joell,Disbury
371,Michale,Colquit
372,Haley,Crim
373,Kristofer,Baszkiewicz
374,Thorny,MacElroy
375,Lucho,Eversley
376,Eloisa,Finessy
377,Milka,Wilsey
378,Kennett,Garden
379,Minta,Stephenson
380,Bailey,Murricanes
381,Kristen,Okenden
382,Billie,Pietrasik
383,Nonah,Giorgielli
384,Sheila,Benedict
385,Maritsa,Popescu
386,Kerby,Ivanin
387,Janelle,Vido
388,Tera,Chatters
389,Marian,Kamenar
390,Skye,Heckle
391,Ashlie,Couche
392,Blinnie,Ditt
393,Sher,Bever
394,Sasha,Ridge
395,Crichton,Gymblett
396,Harbert,Bendik
397,Adriana,Andersen
398,Carlynn,Rame
399,Carlee,Siviter
400,Johannah,Philcox
401,Griffie,Maffioletti
402,Kerrin,Aleevy
403,Kristy,Newark
404,Penni,Klimentov
405,Junie,Paybody
406,Charmane,Rudham
407,Mychal,Jullian
408,Buddy,Dewing
409,Brit,Slogrove
410,Jdavie,Roisen
411,Darrel,Milnes
412,Dorey,Chevalier
413,Dani,Rosenauer
414,Cayla,McMichell
415,Gerianne,Feathers
416,Mahalia,Renouf
417,Jerrine,Worpole
418,Merrill,Panks
419,Kiah,Burlay
420,Anna,Langhorn
421,Waldo,Adlington
422,Trisha,Corness
423,Reider,de'-Ancy Willis
424,Audrie,Plaistowe
425,Rochester,Vieyra
426,Haily,Lathaye
427,Granville,Fuster
428,Shauna,Boise
429,Lutero,Riccard
430,Cozmo,Chalk
431,Lanae,Stanfield
432,Justinian,Gasson
433,Ferguson,Glew
434,Abbie,Bothwell
435,Zena,Beecraft
436,Deanna,Beesley
437,Brynne,Olenov
438,Germaine,Morrall
439,Gene,Cassar
440,Brady,Giuron
441,Anette,Ilett
442,Mindy,McConville
443,Rubetta,Naisby
444,Alanson,Andras
445,Hartley,Potteril
446,Tony,Orleton
447,Moishe,Rosenau
448,Hanny,Tingcomb
449,Rafi,Voaden
450,Ludovika,Askey
451,Bord,Trousdell
452,Del,Critten
453,Tracey,Asche
454,Billy,Tulloch
455,Tani,Bosward
456,Enoch,Nasey
457,Alphonse,Luff
458,Manolo,Grigor
459,Filippa,Nannoni
460,Cordy,Rance
461,Avis,Evangelinos
462,Geraldine,Colbron
463,Abigael,Retter
464,Jerri,Drake
465,Otto,Crittal
466,Anne-corinne,Apple
467,Minerva,Gilder
468,Elsy,Lyddy
469,Nickie,Mepham
470,Stoddard,Legrave
471,Shelley,Bloom
472,Germain,Welfare
473,Ferdy,Wilsone
474,Forbes,Colmer
475,Lynna,Eliesco
476,Almeria,Bostock
477,Faydra,Partington
478,Sheila-kathryn,Loren
479,Rosie,Mattiazzi
480,Yasmeen,Buckles
481,Clem,Favel
482,Nerita,Deards
483,Wyatan,Farndell
484,Cornelle,Scatchar
485,Alair,Vigours
486,Orel,Dollard
487,Nanette,Orgen
488,Franklin,Henbury
489,Linnell,Sappell
490,Bob,Demke
491,Cam,Robker
492,Garnet,Solesbury
493,Dianne,Porteous
494,Caresa,Onions
495,Muriel,Hazelgreave
496,Marissa,Brugemann
497,Osborne,Woodwind
498,Bil,Lerwill
499,Blaire,Tuttiett
500,Winni,Maxwell
501,Isabella,Caldes
502,Sari,Gullivan
503,Marcelle,Hessay
504,Lib,Endon
505,Tamar,Booty
506,Lay,McQuaid
507,Cyrill,Assante
508,Melesa,Lidgley
509,Margaretha,Merwe
510,Belia,Buckham
511,Katherine,Dorkin
512,Clio,Gunner
513,Joannes,Rennebach
514,Mervin,McConaghy
515,Hervey,Saffell
516,Oliy,Flippelli
517,Anita,Lawty
518,Alyosha,Linklet
519,Frants,Osgar
520,Gwyneth,Tyndall
521,Thekla,Harman
522,Kaela,Okenden
523,Tedman,Panons
524,Blithe,Willerton
525,Cherice,Scranedge
526,Adelice,Maskrey
527,Kassandra,Kofax
528,Colene,Batrop
529,Ase,Hynde
530,Patrica,Barde
531,Raina,Lifton
532,Janenna,Mongin
533,Alfonso,Kingcote
534,Gale,Hubner
535,Quinlan,Bowhay
536,Berni,Camili
537,Ernestine,Flukes
538,Minda,Dewfall
539,Rianon,Lilion
540,Morly,Prestwich
541,Cleopatra,Smeaton
542,Pauly,Ashwin
543,Avrit,Hemphill
544,Ned,Perham
545,Ophelia,Chrestien
546,Hoyt,Dowyer
547,Daveta,Gori
548,Xymenes,Cunniffe
549,Bruis,Wyllt
550,Regine,Grasser
551,Courtenay,Kobes
552,Fairfax,Hachard
553,Marje,Gino
554,Modesta,Hulke
555,Glori,Wimmer
556,Madalena,MacAskie
557,Brent,Reisk
558,Phillip,Thinn
559,Allene,Corish
560,Annamarie,Kenwright
561,Lazarus,Kretschmer
562,Tiffy,Hebron
563,Corbet,Laurenty
564,Katalin,Blaxton
565,Esta,Ashmole
566,Selby,Pavluk
567,Nonnah,Wilbore
568,Terra,Saville
569,Cyndi,Tebbut
570,Wallis,Outram
571,Archibald,Micheau
572,Perla,Caslin
573,Gawen,Guterson
574,Marcellina,Kalewe
575,Ludovika,Marklew
576,Gerome,Seabrook
577,Henry,Tortoise
578,Chrystal,Eagling
579,Ky,Tesauro
580,Joana,Mattis
581,Orelia,Dannel
582,Barbra,Stoak
583,Minnie,Polycote
584,Cornela,Daniells
585,Ciro,Grabiec
586,Conrad,Indge
587,Britney,Burnell
588,Stepha,Hannen
589,Cindy,Mellonby
590,Arly,Gilliver
591,Kizzie,Weddeburn
592,Rex,Crinidge
593,Margo,Kubista
594,Sigismund,Galtone
595,Jinny,Ivery
596,Abner,Pechell
597,Aurelea,Cassells
598,Sandie,Vaney
599,Sarajane,Ruppertz
600,Fred,Parfitt
601,Kennedy,Faye
602,Hubie,Gress
603,Art,Blomefield
604,Terrye,Divina
605,Ellswerth,Fettis
606,Herold,Bischoff
607,Ryann,Yitzhakof
608,Emmalynn,Pryer
609,Errol,Moncarr
610,Debora,Jaulmes
611,Cherlyn,Dederich
612,Larine,Fancy
613,Vanda,Goodliffe
614,Gwyn,Cadwallader
615,Domenico,Rillstone
616,Agnese,Lingner
617,Rafaellle,Ratnage
618,Consolata,Ebhardt
619,Sondra,Thurlborn
620,Darci,Brabyn
621,Adrienne,Rosenau
622,Mariellen,Quarless
623,Cassandra,Arnholdt
624,Dewey,Dicty
625,Rubi,Kunzelmann
626,Karel,Youings
627,Rosabel,Gentery
628,Jody,Gettins
629,Leupold,Grombridge
630,Sammie,Gronno
631,Darlene,Brayley
632,Maia,Bennetts
633,Sauncho,Musselwhite
634,Sallyanne,Stribbling
635,Trev,Huckell
636,Yasmeen,Gooly
637,Carmina,Powell
638,Rosita,Vinnicombe
639,Pacorro,Hovy
640,Lanie,MacPeake
641,Michael,Hayzer
642,Berkley,MacGow
643,Viviene,Mor
644,Nicki,Leivesley
645,Bronny,Eary
646,Michal,Castane
647,Merry,Cuxson
648,Jeannette,Dilger
649,Haskell,Van Leijs
650,Colin,Challenor
651,Michaelina,Keri
652,Sherilyn,Killough
653,Adora,Petrovic
654,Perren,Reen
655,Gerta,Alderman
656,Clemence,McGilvra
657,Rachelle,Culbert
658,Danya,MacCrachen
659,Madelaine,Boshier
660,Wallis,Mulvey
661,Wilmer,O'Moylane
662,Idell,Furmenger
663,Osmond,Samper
664,Cary,Mardy
665,Chilton,Peckitt
666,Barton,Shaxby
667,Clevie,Martyn
668,Katha,Iskow
669,Stace,Brave
670,Daria,Garling
671,Calhoun,Harrower
672,Trumaine,Comins
673,Ewell,Ridett
674,Allan,Hender
675,Kaja,Blanchflower
676,Claudelle,Horrell
677,Jasmine,O'Fearguise
678,Raul,Fidge
679,Nickey,Keslake
680,Tirrell,Risbridger
681,Norah,Hatterslay
682,Fiona,Wood
683,Emmy,Motte
684,Cherice,Bakhrushkin
685,Blayne,Blazejewski
686,Amelina,Brindley
687,Corina,Craigg
688,Kelcey,Brenton
689,Ulises,Cerie
690,Bealle,Iorns
691,Yetta,Muddle
692,Gabi,Derrick
693,Rivi,Popeley
694,Pamelina,Adnams
695,Afton,McAlarney
696,Renelle,Overton
697,Elly,Jacquemy
698,Camille,Briat
699,Ruprecht,La Vigne
700,Cristen,Melmeth
701,Felisha,Eaglen
702,Beauregard,Geldert
703,Crichton,Goodlett
704,Wendy,Kensett
705,Perkin,Elsley
706,Thea,Nenci
707,Abelard,Michallat
708,Liesa,Esom
709,Naomi,Farlamb
710,Jordain,Macek
711,Claresta,Wyne
712,Cornie,Lomis
713,Ringo,Zannini
714,Randa,Bradnock
715,Drusi,Wessell
716,Conrado,Dobbyn
717,Rafferty,Frowd
718,Minnaminnie,Rait
719,Beverlie,Kytter
720,Tabbitha,Prewett
721,Lionel,Harbord
722,Bradley,Steutly
723,Flem,Dulwitch
724,Augustin,Seabrooke
725,Boy,O'Crevan
726,Waylen,Tomsen
727,Toddie,Bricham
728,Evie,Fawdry
729,Linea,Rolinson
730,Miranda,Achrameev
731,Crawford,Axcell
732,Batholomew,Abarough
733,Tremayne,Hinkensen
734,Kev,Stealey
735,Mariana,Shankle
736,Ofelia,Sanham
737,Corine,Filler
738,Giustina,Purcell
739,Bailey,Pittham
740,Brynna,Doudney
741,Nell,McPhelim
742,Briny,Beadman
743,Thain,Boxen
744,Caesar,Klemencic
745,Bernarr,Kinchington
746,Ewell,Cheake
747,Sterne,Sharer
748,Lilian,Divine
749,Janka,Youings
750,Petrina,Bozier
751,Jeffry,Grissett
752,Laney,Devanny
753,Merci,Calles
754,Kendre,Lantiff
755,Elita,Alleyn
756,Stavro,Hadkins
757,Charlie,Pumfrett
758,Evelina,Zimmer
759,Hildagarde,Chadwick
760,Annis,Warrick
761,Adolphe,Worthy
762,Gabriellia,Siburn
763,Rhonda,Jessope
764,Sada,Grimmert
765,Chelsie,Bittany
766,Moreen,Jeenes
767,Kingsley,O'Hallagan
768,Renie,Stentiford
769,Twyla,Wishkar
770,Brnaba,Antunez
771,Merralee,Domonkos
772,Philis,Cobbold
773,Marlie,Pendrich
774,Rosabella,Mace
775,Shanta,Terzza
776,Shem,Dallemore
777,Gabrila,Vasilyev
778,Boony,Larkings
779,Nicolina,Grzes
780,Gordan,Peizer
781,Jarad,Yglesia
782,Kissie,Attenbrough
783,Marven,Gaynesford
784,Daune,Passie
785,Leann,Hauch
786,Mireille,Loadman
787,Mindy,Attenbrough
788,Glennis,Cowans
789,Keenan,Stockton
790,Fianna,Howler
791,Faunie,Tiesman
792,Ruthanne,Lornsen
793,Brittan,Boleyn
794,Angelo,Scimoni
795,Connie,Giacobo
796,Katey,Elion
797,Otha,Lobbe
798,Desiri,Menichino
799,Jackie,Pharrow
800,Carlynne,Houldin
801,Salomon,Benka
802,Helyn,McDaid
803,Gilemette,Harvison
804,Caspar,Battson
805,Andriana,Birdwhistell
806,Muire,Cousen
807,Nerita,Leyre
808,Salim,Coldbath
809,Yanaton,Grelik
810,My,Lutzmann
811,Annalee,Gurko
812,Harold,Semerad
813,Kirsteni,Hune
814,Anjela,Joncic
815,Brietta,Grimmett
816,Yalonda,Sloss
817,Baryram,Fasey
818,Sandie,Boldry
819,Scott,O'Gormley
820,Maggie,Fishbourn
821,Loy,Marlon
822,Allis,Piel
823,Elena,Whitworth
824,Chas,Breslau
825,Vassili,Brunning
826,Konstantine,Ornells
827,Portia,Shearwood
828,Shurwood,Crapper
829,Honoria,Colnet
830,Randy,Treadgall
831,Benito,Kelloway
832,Rowen,Leathes
833,Albert,Titchener
834,Roderigo,Scotchmer
835,Wren,Postin
836,Salomone,Pirdue
837,Dorian,Gwynn
838,Bess,Pocknoll
839,Lynelle,Orrocks
840,Elysee,Pendrich
841,Ingemar,Trinbey
842,Kial,Claiden
843,Tobe,Matieu
844,Birgitta,Fery
845,Pansie,Dytham
846,Veriee,Meadley
847,Cissiee,Caverhill
848,Erinn,Roze
849,Kamillah,Shoebrook
850,Aldwin,Hansemann
851,Yvon,Dakhno
852,Hilde,Dargavel
853,Jule,Vasilechko
854,Agathe,Sopper
855,Johnna,Bartelet
856,Blake,Huckel
857,Susanna,Farnon
858,Marv,Chasles
859,Warren,Tumayan
860,Felicdad,Dudderidge
861,Ulises,Tregiddo
862,Wallie,Tinan
863,Ingmar,Laborde
864,Trevor,Dawidowitz
865,Cameron,O'Longain
866,Todd,Caret
867,Broderic,Iles
868,Clary,Tommeo
869,Anetta,Badsey
870,Ricca,Wyleman
871,Brannon,Hubbucks
872,Brock,Harrismith
873,Kinny,Dallimare
874,Eloisa,Gillaspy
875,Stanislaus,Cicco
876,Eugenie,Stagge
877,Sam,Gregoletti
878,Maryann,Astbery
879,Anthiathia,Thowless
880,Quent,Swift
881,Skipton,Webland
882,Gayel,Souster
883,Emelina,Almey
884,Emmott,Couling
885,Rock,McCalister
886,Sherwin,Kreuzer
887,Jayme,Upson
888,Thorpe,Blenkharn
889,Clo,Bumford
890,Alexis,Baldree
891,Gilburt,Cancellario
892,Zitella,Whittlesee
893,Belicia,O'Flannery
894,Kara,Karpe
895,Mitchell,Corona
896,Wells,Dudderidge
897,Panchito,Hedworth
898,Ivan,Keppin
899,Ariadne,Bridgement
900,Jenica,Bullent
901,Goraud,Lindores
902,Carroll,Gallop
903,Kristyn,Shord
904,Randee,Antonetti
905,Lou,Jordanson
906,Alonzo,Behninck
907,Jo ann,Wolfers
908,Guthrey,Robertson
909,Wendeline,Fairnington
910,Catarina,Kybird
911,Hedwiga,Zollner
912,Merell,Herkess
913,Gracia,Romayne
914,Calli,Comley
915,Zonnya,Darte
916,Walden,Paeckmeyer
917,Hoebart,Cornillot
918,Tiebout,Kroger
919,Olivia,Yearsley
920,Margaretha,Whapple
921,Nap,Wingrove
922,Terrye,Dunstan
923,Benny,Ishchenko
924,Sherlocke,Illing
925,Cherilynn,Elloy
926,Nils,Ten Broek
927,Kynthia,Morecomb
928,Jeannie,Kinchlea
929,Tuck,Formie
930,Ronda,Bullus
931,Hildagard,Billham
932,Davidson,St. Quintin
933,Cece,Tresise
934,Rad,Bedells
935,Beret,Heys
936,Freda,Prendergast
937,Kevon,Searight
938,Allister,MacGuffie
939,Caria,Orans
940,Leila,Burn
941,Cherrita,Kynman
942,Bryan,Spon
943,Jodi,Oldam
944,Bryanty,Vala
945,Alina,Dikles
946,Maryrose,Wimpeney
947,Willem,Dyde
948,Timmie,Eacle
949,Darius,Cordoba
950,Elianora,Tremellan
951,Jermaine,Tohill
952,Chanda,Dadswell
953,Melicent,Zelner
954,Augie,de'-Ancy Willis
955,Jordan,Heatherington
956,Kally,Braune
957,Dion,Youles
958,David,Curle
959,Vilma,Harries
960,Melisent,Dockrill
961,Herb,Jedrych
962,Saxon,Crackett
963,Kelvin,Pitkaithly
964,Lyon,Suffield
965,Austine,MacLardie
966,Truda,Salway
967,Riobard,Pitrollo
968,Gretal,Kolyagin
969,Alfonse,Brounsell
970,Sansone,Prevett
971,Zeb,Ormerod
972,Bogart,Burnie
973,Crysta,Jacobowitz
974,Fania,Baker
975,Godwin,Stenners
976,Sawyer,Izon
977,Kincaid,Sinnock
978,Hillary,Blaw
979,Morgan,Giannasi
980,Leonardo,Lummus
981,Selle,Vondruska
982,Araldo,Collett
983,Kathlin,Strognell
984,Barry,Delamar
985,Elissa,Brandom
986,Milt,Moxham
987,Tamma,Berkely
988,Charlton,Dougan
989,Alair,Stranio
990,Tally,Draude
991,Brad,Ralls
992,Palmer,Langshaw
993,Inger,Friday
994,Arte,Goulstone
995,Elga,Postill
996,Krista,Dunlop
997,Artie,Barnsdale
998,Mathilda,Ching
999,Corrinne,MacDearmont
1000,Rudyard,Gumly
